Country,Clinic Name,Location,Focus/Approach,Services,Website,Price Range,Management
United Kingdom,HOOKE London,London,Comprehensive longevity assessments and personalized interventions,,,€8,550 - €63,000,"Kate Woolhouse (CEO), Lev Mikheev (Founder)"
United Kingdom,Longevity Clinic UK,London,Age-related biomarker testing and personalized treatment plans,,longevity-clinic.co.uk,,
United Kingdom,Surrenne at The Emory,"Belgravia, London",Luxury members' club focused on wellness and longevity,Opened April 2024,,,
United Kingdom,Human Regeneration,London,,"Cell therapy, regenerative medicine, advanced diagnostics",,,
Switzerland,Clinique La Prairie,Montreux,Pioneering the cellular therapy approach to longevity,"Revitalization, better aging, medical check-ups, wellness",cliniquelaprairie.com,,
Switzerland,Longevity Center,Zurich,"Preventive medicine, biological age testing",,,,Joanna Bensz (co-founder - CEO), Prince Michael of Liechtenstein
Switzerland,The Kusnacht Practice,Zurich (private villas on Lake Zurich),Ultra-private luxury care with medical excellence,,,,
Switzerland,Nescens Clinique de Genolier,Genolier,,"Medical spa, preventive medicine, aesthetic medicine",,,
Spain,SHA Wellness Clinic,Alicante,Integrative medicine combining Eastern and Western approaches,"Weight loss, sleep recovery, detox, stress management",,,
Spain,LifeVit Clinic,Madrid,,"Cellular medicine, preventive care, hormone therapy",,,
Germany,Lanserhof Tegernsee,"Tegernsee, Bavaria",LANS Med Concept combining natural healing with modern medicine,,,,
Germany,Preventicum,Munich,Early detection and prevention of age-related diseases,,,,
Germany,Villa Stéphanie at Brenners Park-Hotel & Spa,Baden-Baden,,"Detox, nutrition, emotional balance, medical care",,,
France,Vichy Celestins Spa Hôtel,Vichy,"Thermal treatments, nutrition, and medical expertise",,,,
France,La Réserve Genève's Nescens Spa,Paris,,"Better-aging programs, cosmetic medicine",,,
Poland,Longevity Center,Warsaw,Connected to the Zurich branch,Similar to the Zurich location with customized programs,,,
Austria,Lanserhof Lans,"Lans, near Innsbruck",,"Detox, energy medicine, regeneration",,,
Italy,Palace Merano,Merano,Revital method focusing on detox and energy restoration,,,,
Italy,Lefay Resort & SPA Lago di Garda,Lake Garda,Chinese medicine integrated with Western scientific research,,,,
Portugal,Longevity Health & Wellness Hotel,"Alvor, Algarve",,"Detox, weight loss, stress management, anti-aging programs",,,
Greece,Euphoria Retreat,Mystras,Holistic wellness combining Greek and Chinese healing traditions,,,,